brand,commercial_name,variety_prefix_1,variety_prefix_2,name,variety_suffix,details,category,index_name,quantity,quantity_unit,density,yield_factor,kilojoules,calories,protein,fat,saturated_fat,carbohydrate,sugar,fibre,sodium,carbohydrate_by_diff,usda_index,nuttab_index
,,,,almonds,,,nuts and seeds,almonds-usda,100,1,,,,579,21.25,49.93,3.8,9.05,4.35,12.5,1,21.55,12061,
The Market Grocer,,,,almonds,,,nuts and seeds,almonds-tmg,100,1,,,2529,,20,55.2,3.6,4.4,4.4,12.5,5,,,
,,,,almonds,,,nuts and seeds,almonds,100,1,,,2503,,19.5,54.7,3.7,4.8,4.8,8.8,5,,,
,,red delicious,,apple,,USDA data,fruit and vegetables,apple-del-usda,100,1,,,,59,0.27,0.2,0,11.76,10.48,2.3,1,14.06,09500,
,,gala,,apple,,USDA data,fruit and vegetables,apple-gala-usda,100,1,,,,57,0.25,0.12,0,11.38,10.37,2.3,1,13.68,09503,
,,granny smith,,apple,,USDA data,fruit and vegetables,apple-gs-usda,100,1,,,,58,0.44,0.19,0,10.81,9.59,2.8,1,13.61,09502,
,,red delicious,,apple,,,fruit and vegetables,apple-del,100,1,,,236,,0.3,0,0,13.1,12.4,2.2,1,,,06D10427
,,gala,,apple,,,fruit and vegetables,apple-gala,100,1,,,222,,0.4,0,0,12.1,11.1,2.1,1,,,06D10456
,,granny smith,,apple,,,fruit and vegetables,apple-gs,100,1,,,216,,0.4,0.2,0,10.3,9.8,3.1,3,,,06D10448
,,pink lady,,apple,,,fruit and vegetables,apple-pink,100,1,,,247,,0.3,0.4,0,12.4,11.9,2.4,0,,,06D10433
,,,,apple,,,fruit and vegetables,apple,100,1,,,236,,0.3,0.2,0,12.4,11.6,2.3,1,,,06D10434
Strongbow,Lower Carb,,,apple cider,,,alcoholic beverages,strongbow-low-carb,100,2,1,,169,,0,0,0,3.7,2.5,0,0,,,
Strongbow,Original,,,apple cider,,,alcoholic beverages,strongbow-original,100,2,1,,216,,0,0,0,6.5,5.2,0,0,,,
,,,,apricot,,,fruit and vegetables,apricot,100,1,,,,48,1.4,0.39,0.03,9.12,9.2,2,1,11.12,09021,
,,Southern,,avocado,,,fruit and vegetables,avocado-green,100,1,,,,120,2.23,10.06,1.96,2.22,2.42,5.6,2,7.82,09039,
,,Hass,,avocado,,USDA data,fruit and vegetables,avocado-hass-usda,100,1,,,,167,1.96,15.41,2.13,1.84,0.3,6.8,8,8.64,09038,
,,Hass,,avocado,,,fruit and vegetables,avocado-hass,100,1,,,855,,2,21.2,5.1,0.6,0.6,2.8,4,,,
,,Australian,,avocado,,,fruit and vegetables,avocado,100,1,,,605,,1.6,12.7,3,4.5,1,4.2,3,,,
BTO Top Taste,,,,baba ghanoush,,,"sauces, dips and spreads",baba-ghanoush-bto,100,1,,,229,,1.7,3.8,0.6,3.5,0.8,,327,,,
Monjay Mezza,,,,baba ghanoush,,,"sauces, dips and spreads",baba-ghanoush,100,1,,,348,,2.9,5.7,0.8,2.8,2.6,,350,,,
,,,,banana,,USDA data,fruit and vegetables,banana-usda,100,1,,,,89,1.1,0.33,0,20.2,12.2,2.6,1,22.8,09040,
,,cavendish,,banana,,,fruit and vegetables,banana,100,1,,,385,,1.4,0.3,0,19.6,12.8,2.4,0,,,06D10443
,,lady finger,,banana,,,fruit and vegetables,banana-lady,100,1,,,475,,1.5,0.1,0,25,18.3,3.7,2,,,06D10444
,,,,barramundi,,raw,fish,barramundi,100,1,,,385,,19.4,1.5,0.4,0,0,0,70,,,
Goodness Superfoods,,,,barley wrap,,,grains,barley-wrap,100,1,,,890,,9.2,2.9,0.6,29.3,2.7,15.8,400,,,
Good 4U+U,,,,bean sprouts,,,legumes,bean-sprouts-g4u,100,1,,,80,,2,0.5,0,1,0,,20,,,
Sprout Garden,,,,bean sprouts,,,legumes,bean-sprouts-sg,100,1,,,129,,3.04,0.18,0.05,5.93,0,0.81,6,,,
,,,,bean sprouts,,,legumes,bean-sprouts,100,1,,,84,,2.7,0.1,0,1.4,0.9,1.6,1,,,13A11513
,,lean,,beef,tenderloin,,meat,beef,100,1,,,,139,21.94,5.74,1.96,0,0,0,44,,,
Cheeky Blonde,,,,beer,,,alcoholic beverages,beer-cheekyblonde,100,2,1,,129.09,,0.36,0.03,0.03,1.3,0,0,2.73,,,
Cooper’s,Clear,,,beer,,,alcoholic beverages,beer-coopers,100,2,1,,130.14,,0.03,0.03,0.03,0.99,0,0,7.04,,,
James Squire,150 Lashes,,,beer,,,alcoholic beverages,beer-james-150,100,2,1,,152.75,,0.49,0.03,0.03,2.61,0,0.41,2.9,,,
James Boag’s,Premium Light,light,,beer,,,alcoholic beverages,beer-boags-light,100,2,1,,98,,0.3,0.2,0.1,1.9,0,0.5,2,,,
Toohey’s ,New,,,beer,,,alcoholic beverages,beer-tooheys-new,100,2,1,,158,,0.4,0.2,0.1,2.5,0.1,0.3,3,,,
,,,,beetroot,,,fruit and vegetables,beetroot,100,1,,,187,,1.7,0.1,0,7.7,7.7,3.5,49,,,13A11406
,,,,blueberry,,,fruit and vegetables,blueberry,100,1,,,218,,0.6,0.1,0,11.3,10.8,1.8,0,,,06A10091
Felix,,,,bolognese sauce,,,"sauces, dips and spreads",bolognese-sauce,100,1,,,303,,4.2,2.8,0.7,6.2,6,,559,,,
,,barley,,bran,,,grains,barley-bran,100,1,,,1350,,12,4.1,1,61.2,5.8,18.4,7,,,
The Market Grocer,,raw,,brazil nuts,,,nuts and seeds,brazil-nuts,100,1,,,2813,,14.1,68.2,16,3.1,2.4,7.5,3,,,
Baker’s life,85% lower carb,low carb,,bread,,,grains,bread-bakers,100,1,,,1130,,25.6,13.9,1.8,5.4,1.5,11.6,370,,,
Burgen,Wholegrain and Oats,wholegrain,,bread,,,grains,bread-bg-oats,100,1,,,922,,10.4,4.8,0.8,29.8,2.1,7.5,353,,,
Burgen,Pumpkin Seeds,seeded,,bread,,,grains,bread-bg-pks,100,1,,,1020,,14.2,7.6,1,26.4,2.3,6.3,400,,,
Burgen,Rye,rye,,bread,,,grains,bread-bg-rye,100,1,,,1035,,10.6,5.2,0.5,35.4,1.5,7.7,467,,,
Burgen,Soy-Lin,soy linseed,,bread,,,grains,bread-bg-soy,100,1,,,905,,13.5,5.8,0.8,24,2.9,6.8,435,,,
Burgen,Wholemeal and Seeds,wholegrain,seeded,bread,,,grains,bread-bg-whole,100,1,,,922,,13.2,6.1,0.7,23.2,2.3,10.8,386,,,
Bill’s ,7 Seeds Multigrain,multigrain,,bread,,,grains,bread-bills-7,100,1,,,1040,,8.8,5.8,0.7,37.5,0.3,5.5,242,,,
Bowan Island,Quinoa and Seeds,multigrain,seeded,bread,,,grains,bread-bowan-quinoa,100,1,,,988,,9,3.3,0.4,39.5,0.7,,481,,,
Bowan Island,Soy and Linseed,soy linseed,,bread,,,grains,bread-bowan-soy,100,1,,,1150,,10.9,5.4,0.6,43.9,1.2,,325,,,
Good Health,Organic Multigrain,multigrain,rye,bread,,,grains,bread-gh,100,1,,,822,,5.1,2.1,0.2,34.2,2.3,9.5,490,,,
Harry,Eiweiss Brot,high protein,,bread,,,grains,eiweiss-brot-harry,100,1,,,1034,,23,9.4,1.3,14,3.5,7.1,440,,,
Healthybake,Bavarian,,,bread,,,grains,bread-hb-bav,100,1,,,1270,,14.9,11.4,1.5,28.6,1.2,9.7,472,,,
Healthybake,Ancient Grains and Seed,,,bread,,,grains,bread-hb-ancient,100,1,,,1260,,12.9,10.8,1.3,31.2,1,8,379,,,
Herman Brot,Low Carb,,,bread,,,grains,bread-herman,100,1,,,1130,,25.6,13.9,1.8,5.4,1.5,11.6,370,,,
Helga’s,5 Seeds Lower Carb,,,bread,,,grains,bread-helga-5,100,1,,,1170,,13.8,10.9,1.2,27.7,2.5,7.7,400,,,
Morpeth,Sourdough,sourdough,,bread,,,grains,bread-morpeth,100,1,,,886,,8,7.2,0.3,37.1,0.9,,351,,,
Motherstone ,Multigrain Sourdough,multigrain,sourdough,bread,,,grains,bread-ms-multi,100,1,,,1067,,9.1,1.6,0.3,48.2,2.6,4,518,,,
Motherstone,Original Sourdough,sourdough,,bread,,,grains,bread-ms-orig,100,1,,,1017,,9.1,1,0.2,47,2.8,3.3,553,,,
Mülengold Premium,Eiweissbrot,protein,,bread,,,grains,bread-eiweiss,100,1,,,1101,,23.9,10.1,1.4,15.3,1.7,,460,,,
Schwob's,Multigrain,multigrain,,bread,,,grains,bread-sch,100,1,,,966,,10.4,1.8,0.5,39.6,3.9,,620,,,
Sonoma,Mixed Grains & Seeds ,multigrain,sourdough,bread,,,grains,bread-sonoma-mgs,100,1,,,942,,7.8,2.2,0.3,39.4,0.4,,456,,,
Sonoma,Soy Linseed Sourdough,soy linseed,,bread,,,grains,bread-sonoma-soy,100,1,,,985,,9.5,3.9,0.4,36.3,0.7,,425,,,
NatureFirst Organic,Roggen Brot,whole,rye,bread,,,grains,roggen-brot,100,1,,,816,,4,1,0.1,37,3,9,370,,,
Delba,,wholegrain,rye,bread,,,grains,bread-delba-rye,100,1,,,841,,5.6,1.4,0.2,36.4,4,9.4,490,,,
Birds Eye,Australian,frozen,,broad beans,,,legumes,broad-beans,100,1,,,246,,5,0.7,0.2,5.4,2.1,5.4,1,,,
,,,,broccoli,,USDA data,fruit and vegetables,broccoli-usda,100,1,,,,34,2.82,0.37,0.04,4.04,1.7,2.6,33,6.64,11090,
,,,,broccoli,,,fruit and vegetables,broccoli,100,1,,,124,,4.4,0.3,0,0.4,0.4,3.6,22,,,13A11417
Iglo,,frozen,,broccoli,,,fruit and vegetables,broccoli-f,100,1,,,119,,3.1,0.8,0.2,1.1,0.9,2.3,12,,,
,,,,Brussels sprouts,,,fruit and vegetables,brussels,100,1,,,,43,3.38,0.3,0.06,5.15,2.2,3.8,25,8.95,11098,
,,frozen,,Brussels sprouts,,,fruit and vegetables,brussels-f,100,1,,,181,,3.2,1,1,4.6,3.1,4.7,25,,,
,,,,carob powder,,,condiments,carob-powder,100,1,,,1258,,5.3,0.5,0.1,52,37,36,12,,,
,,red,,capsicum,,USDA data,fruit and vegetables,capsicum-usda,100,1,,,,31,0.99,0.3,0.03,3.93,4.2,2.1,4,6.03,11821,
,,red,,capsicum,,,fruit and vegetables,capsicum,100,1,,,106,,1.5,0.2,0,3.5,3.5,1.8,2,,,13A11423
,,green,,capsicum,,,fruit and vegetables,capsicum-g,100,1,,,92,,1.6,0.1,0,2.5,2.5,2.4,2,,,13A11422
,,green,,capsicum,,USDA data,fruit and vegetables,capsicum-g-usda,100,1,,,,20,0.86,0.17,0.06,2.94,2.4,1.7,3,4.64,11333,
,,yellow,,capsicum,,,fruit and vegetables,capsicum-y,100,1,,,,27,1,0.21,0.03,4.22,4.2,2.1,2,6.32,11951,
,,,,carbohydrate,,,miscellaneous,carbs,100,1,,,1700,,0,0,0,100,0,0,0,,,
,,,,carrot,,USDA data,fruit and vegetables,carrot-usda,100,1,,,,41,0.9,0.2,0,6.8,4.7,2.8,69,9.6,11124,
,,,,carrot,,,fruit and vegetables,carrot,100,1,,,132,,0.8,0.13,0,5,5,3.8,40,,,13A11407
,,,,cashews,,USDA data,nuts and seeds,cashews-usda,100,1,,,,553,18.22,43.85,7.78,26.89,5.91,3.3,12,30.19,12087,
Market Grocer,,,,cashews,,,nuts and seeds,cashews-tmg,100,1,,,2442,,17,49.2,8.4,16.8,5.5,5.9,5,,,
,,,,cashews,,,nuts and seeds,cashews,100,1,,,2437,,17,49.2,8.4,16.8,5.5,5.9,11,,,
Macro,,dry roasted,,cashews,,,nuts and seeds,cashews-dry,100,1,,,2530,,19.4,45.2,9,30.1,8.2,,6,,,
,,,,cauliflower,,,fruit and vegetables,cauliflower,100,1,,,,25,1.92,0.28,0.13,2.87,1.91,2.1,30,4.97,11135,
,,frozen,,cauliflower,,,fruit and vegetables,cauliflower-f,100,1,,,105,,1.5,0.4,0.1,2.5,2.1,2.8,15,,,
Natural Salads S.L.,,,,celery,,,fruit and vegetables,celery,100,1,,,31,,0.5,0.2,0,0.9,0.9,1.1,60,,,
Aldi,,organic,,chia seeds,,,nuts and seeds,chia,100,1,,,1885,,22,33,3.9,1.8,0.5,,4,,,
Bega,Country Light,low fat,,cheese,,,dairy,bega,100,1,,,1170,,34.4,15.3,9.8,1,1,0,570,,,
Harris Farm,,bocconcini,,cheese,,,dairy,bocconcini,100,1,,,890,,18.6,15,11.9,0.9,0.7,0,148,,,
Brancourt’s ,So Light So Spreadable,low fat,cream,cheese,,,dairy,cheese-cream,100,1,,,380,,11.4,2.5,1.6,4.5,4.1,0,350,,,
Harris Farm,,Provolone Dolce,,cheese,,,dairy,provolone,100,1,,,1525,,26,27,20.2,0,0,0,1200,,,
Mini-Chol,,,soy-bean,cheese,,,dairy,soy-cheese,100,1,,,1100,,30,16,7,2,0,0,470,,,
Harris Farm,,Romano,,cheese,,,dairy,romano,100,1,,,1470,,33.8,22.32,13.46,4.1,0.1,0,876,,,
Geka,,lean,,chicken,breast,sliced,poultry and eggs,chicken-geka,100,1,,,435,,23.4,1,0.4,0,0,0,40,,,
,,lean,,chicken,breast,,poultry and eggs,chicken,100,1,,,,120,22.5,2.62,0.56,0,0,0,45,0,05062,
,,,,chicken,mince,,poultry and eggs,chicken-mince,100,1,,,,143,17.44,8.1,2.3,0,0,0,60,0.04,05332,
,,tinned,,chickpeas,,drained and rinsed,legumes,chickpeas,100,1,,,,138,7.04,2.47,0.21,16.57,4,6.3,212,22.87,16359,
,,red,,chilli,,,fruit and vegetables,chilli,100,1,,,,40,1.87,0.44,0.04,7.31,5.3,1.5,9,8.81,11819,
Choceur,Noir,dark,,chocolate,,85% cocoa,chocolate,choc-choceur,100,1,,,2535,,9.8,52,33,17,16,0,33,,,
Oxfam,Fair,dark,,chocolate,,70% cocoa,chocolate,choc-oxfam,100,1,,,2214,,8.1,39.2,24.7,30.8,27.3,,10,,,
Coles,Dark Belgian,dark,,chocolate,,85% cocoa,chocolate,choc-coles,100,1,,,2240,,10.1,48.4,30.3,16.2,11.2,16.4,9,,,
Dolfin,,dark,,chocolate,,88% cocoa,chocolate,choc-dolfin,100,1,,,2357,,11,46,28,18,11,,10,,,
Lindt,Extra Dark,dark,,chocolate,,85% cocoa,chocolate,choc-lindt-85,100,1,,,2410,,12.5,46,28,19,11,,10,,,
Lindt,Supreme Dark,dark,,chocolate,,90% cocoa,chocolate,choc-lindt-90,100,1,,,2440,,10.8,53.4,33,12.5,6.3,,22,,,
Lindt,Excellence,dark,,chocolate,,99% cocoa,chocolate,choc-lindt-99,100,1,,,2337,,13,49,30,8,2,,24,,,
Perugina,,dark,,chocolate,,85% cocoa,chocolate,choc-perugina,100,1,,,2510,,9,51,32,17,13,14,8,,,
Pico Organic,Super Dark,dark,,chocolate,,,chocolate,choc-pico,100,1,,,2520,,10,52,32,19,12,,20,,,
Black Gold,,,,cocoa powder,,,chocolate,cocoa-bg,100,1,,,1789,,26.8,11.1,7.1,54,0.5,,5,,,
Choceur,,reduced fat,,cocoa powder,,,chocolate,dutch-cocoa,100,1,,,1450,,23,11,6.8,20,1,32,20,,,
Cadbury,Bournville,,,cocoa powder,,,chocolate,cocoa-cadbury,100,1,,,1450,,25.8,11,6.4,24,1.7,,9,,,
,,,,cod,,,fish,cod,100,1,,,,82,17.81,0.67,0.13,0,0,0,54,0,15015,
Alnatura,organic,,,coconut flour,,de-oiled,nuts and seeds,coconut-flour,100,1,,,1495,,21,14,13,20,18,35,36,,,
Bio Agros,organic,,,coconut flour,,de-oiled,nuts and seeds,coconut-flour-greek,100,1,,,1608,,18,17.1,16.2,25.5,23.3,29.5,0.45,,,
Brancourt’s ,,,,cottage cheese,,,dairy,cottage,100,1,,,370,,11.4,2.5,1.6,4.2,4.1,0,350,,,
Nabisco,Premium (98% fat free),low fat,,cracker,,,grains,premium,100,1,,,1570,,10,1.5,1,75.5,1,0,394,,,
Arnott’s,Vitawheat (9 Grains),multigrain,,cracker,,,"biscuits, crackers and chips",vitawheat,100,1,,,1710,,12.2,9.4,1.1,62.3,1.8,12,452,,,
Arnott’s,Vitawheat (Original),,,cracker,,,"biscuits, crackers and chips",vitawheat-orig,100,1,,,1630,,11.2,7.2,1,64,1.8,11.1,490,,,
Arnott’s,Vitawheat (Cracked Pepper),,,cracker,,,"biscuits, crackers and chips",vitawheat-pepper,100,1,,,1640,,11.1,8.3,1.2,62.2,1.8,11.1,420,,,
Arnott’s,Vitawheat (5 Super Seeds),,,cracker,,,"biscuits, crackers and chips",vitawheat-5,100,1,,,1750,,12.3,11.1,1.6,60.5,1.7,12.2,459,,,
Waferthins,,,,cracker,,,"biscuits, crackers and chips",waferthins,100,1,,,1670,,9.3,5.5,2.6,77,2.5,,610,,,
Dr Kargs,Classic 3 Seed,organic,,crispbread,,,grains,crispbread-drkarg,100,1,,,1882,,14,20,2.9,48,2.3,11,720,,,
Ryvita,Multigrain Rye,multigrain,rye,crispbread,,,grains,ryvita,100,1,,,1550,,11.2,7.2,1.3,56,4.9,18.3,240,,,
Ryvita,Original,,rye,crispbread,,,grains,ryvita-orig,100,1,,,1440,,8.5,1.2,0.2,66,3,15.2,290,,,
Wasa,Roggenvollkornbrot,wholegrain,,crispbread,,,grains,cracker-wasa,100,1,,,1406,,9,1.5,0.4,61.5,1,19,400,,,
Golden,,,,crumpet,,,grains,crumpet,100,1,,,750,,5.7,0.9,0.2,35.5,2,1.4,600,,,
,,,,cucumber,,USDA data,fruit and vegetables,cucumber-usda,100,1,,,,15,0.65,0.11,0.04,3.13,1.67,0.5,2,3.63,11205,
,,Lebanese,,cucumber,,,fruit and vegetables,cucumber,100,1,,,51,,0.4,0.1,0,1.9,1.9,1,19,,,
Sunbeam,Australian,,dried,currants,,,fruit and vegetables,currants,100,1,,,1330,,2,1,1,73,73,5.5,5,,,
,,frozen,shelled,edamame,,,fruit and vegetables,edamame,100,1,,,667,,13.3,6.7,1.3,10.7,1.3,,13.3,,,
,,,,egg,,unshelled,poultry and eggs,egg,100,1,,,,143,12.56,9.51,3.13,0.72,0.37,0,142,0.72,01123,03A10060
Migros,Bio,,,egg,,,poultry and eggs,egg-migros,100,1,,,650,,13,11,3,1,0.5,0,132,,,
,,,,egg yolk,,,poultry and eggs,egg-yolk,100,1,,,,322,15.86,26.54,9.55,0.2,0.2,0,48,,01125,03A10067
,,,,egg white,,,poultry and eggs,egg-white,100,1,,,,52,10.9,0.17,0,0.4,0.4,0,166,,01124,03A10065
,,,,eggplant,,USDA data,fruit and vegetables,eggplant-usda,100,1,,,,25,0.98,0.18,0.03,2.88,3.53,3,2,5.88,11209,
,,,,eggplant,,,fruit and vegetables,eggplant,100,1,,,89,,1,0.3,0,2.4,2.4,2.5,5,,,13A11407
,,,,fat,,,miscellaneous,fat,100,1,,,3700,,0,100,0,0,0,0,0,,,
South Cape,Greek Style Reduced Fat,low fat,,feta,,,dairy,feta,100,1,,,1160,,23.8,19,12.4,1,1,,1250,,,
South Cape,Tasmanian Reduced Fat,low fat,,feta,,,dairy,feta-tas,100,1,,,850,,17,13.5,8.8,1,1,,993,,,
,,,,fennel,,,fruit and vegetables,fennel,100,1,,,92,,1,0.1,0,3.3,3.3,1.8,38,,,13A11538
,,,,fig,,,fruit and vegetables,fig,100,1,,,,74,0.75,0.3,0.06,16.28,16.26,2.9,1,19.18,09089,
Coles,,mixed berry,,fruit spread,,,"sauces, dips and spreads",fruit-spread,100,1,,,990,,0.4,0.1,0.1,57.2,54.3,0.9,29,,,
Coop Naturaplan,,,,flaxseed meal,,,nuts and seeds,flax-meal,100,1,,,2100,,22,40,4.5,2,2,27,28,,,
Bio Agros,,,,flaxseed flour,,de-oiled,nuts and seeds,flax-flour,100,1,,,1346,,40.3,8.8,,3.9,,,,,,
,,,,garlic,,,fruit and vegetables,garlic,100,1,,,522,,6.1,2.8,0.8,10.2,1.5,16.9,8,,,13A11403
Harris Farm,,,,goji berries,,,preserved or dried foods,goji,100,1,,,1440,,12.3,3.3,1.2,60.3,48.8,10.4,460,,,
,,seedless,green,grapes,,,fruit and vegetables,grapes,100,1,,,,69,0.72,0.16,0.05,17.2,15.48,0.9,2,18.1,09132,
Birds Eye,,frozen,baby,green beans,,,fruit and vegetables,beans-baby-f,100,1,,,159,,2,0.3,0.1,5.6,2.7,2.3,1,,,
,,,,green beans,,,fruit and vegetables,green-beans,100,1,,,,31,1.83,0.22,0,6.97,3.26,2.7,6,,,
Coles,,frozen,,green beans,,,fruit and vegetables,green-beans-f,100,1,,,92,,1.4,0.1,0,2.8,1.3,2.6,2,,,
Migros,Le Gruyère AOP salè,,,gruyere,,,dairy,gruyere,100,1,,,1680,,27,33,21,0.5,0.1,0,600,,,
,,,,haddock,,,fish,haddock,100,1,,,,74,16.32,0.45,0.09,0,0,0,213,0,15033,
,,,,hazelnuts,,,nuts and seeds,hazel,100,1,,,2628.8,,14.9,60.7,4.4,16.7,4.4,,9.7,16.7,12120,
,,,,honey,,,condiments,honey,100,1,,,1416,,0.3,0,0,83.1,82.5,0,15,,,
Harris Farm,,,,hummus,,,"sauces, dips and spreads",hummus,100,1,,,700,,7.8,8.5,2,15,1,,260,,,
Pilpel,,,,hummus,,,"sauces, dips and spreads",hummus-pilpel,100,1,,,1080,,9.7,19.7,3.2,8.6,0.8,4.9,504,,,
Berri,,apple,,juice,,,juices,apple-juice,100,2,1,,187,,1,1,0,10.5,10.1,1,8,,,
Sing Sing,,,,kimchi,,,preserved or dried foods,kimchi,100,1,,,158,,17,0,0,6.3,1.3,1.3,413,,,
,,hayward,,kiwifruit,,peeled,fruit and vegetables,kiwifruit,100,1,,,219,,1.2,0.2,0,9.1,9.1,3.8,4,,,06D10421
Michael’s Fine foods,,,,labneh,with herbs,,"sauces, dips and spreads",labneh,100,1,,,614,,4.6,9.9,4.9,13.2,13.1,0,70,,,
,,,,lemon,,,fruit and vegetables,lemon,100,1,,,,29,1.1,0.3,0.039,6.52,2.5,2.8,2,9.32,09150,
,,sprouted,,lentils,,,legumes,lentil-sprouts,100,1,,,,106,8.96,0.55,0.06,22.14,0,,11,22.14,11248,
,,butter,,lettuce,,,fruit and vegetables,lettuce-butter,100,1,,,,13,1.35,0.22,0.03,1.13,0.94,1.1,5,2.23,11250,
,,Cos,,lettuce,,,fruit and vegetables,lettuce-cos,100,1,,,,17,1.23,0.3,0.04,1.19,1.19,2.1,8,3.29,11251,
,,green,,lettuce,,,fruit and vegetables,lettuce-green,100,1,,,,15,1.36,0.15,0.02,1.57,0.78,1.3,28,2.87,11253,
,,iceberg,,lettuce,,,fruit and vegetables,lettuce-iceberg,100,1,,,,14,0.9,0.14,0.02,1.77,1.97,1.2,10,2.97,12522,
,,red,,lettuce,,,fruit and vegetables,lettuce-red,100,1,,,,16,1.33,0.22,0.02,1.36,0.48,0.9,25,2.26,11257,
,,,,ling,,,fish,ling,100,1,,,,87,18.99,0.64,0.12,0,0,0,135,0,15044,
Honest to Goodness,Organic Brown,,,linseed,,,nuts and seeds,linseed,100,1,,,2118,,18.3,42.2,3.8,28.9,1.6,27.3,30,,,
Waliz,,raw,,macadamias,,,nuts and seeds,macadamias,100,1,,,3070,,7.6,76.2,10.3,4.5,4.5,,3,,,
,,Pacific,,mackerel,,,fish,mackerel,100,1,,,,158,20.07,7.89,2.25,0,0,0,86,0,15050,
Angelo Parodi,,,,mackerel,in olive oil,,fish,mackerel-ap,100,1,,,1216,,27.3,14.5,3.6,0.1,0,0,509,,,
John West,,Atlantic,,mackerel,in brine,,fish,mackerel-jw,100,1,,,1110,,19.3,20.6,6,0.1,0.1,0,572,,,
King Oscar,,Atlantic,,mackerel,in brine,,fish,mackerel-ko-brine,100,1,,,1014,,19.6,18.4,4.6,0.1,0.1,0,270,,,
King Oscar,,Atlantic,,mackerel,in springwater,,fish,mackerel-ko,100,1,,,1050,,19.9,19.2,5.9,0.1,0.1,0,61,,,
King Oscar,,Atlantic,,mackerel,mediterranean style,,fish,mackerel-ko-med,100,1,,,1168,,18.4,23.1,5,0.1,0.1,0,390,,,
King Oscar,,Atlantic,,mackerel,in olive oil,,fish,mackerel-ko-oil,100,1,,,1224,,19.7,24,5.1,0.1,0.1,0,260,,,
Migros,,Atlantic,skinless,mackerel,in olive oil,scomber scombrus,fish,mackerel-migros,100,1,,,785,,24,10,2,0.5,0.5,0,352,,,
Rio Mare,,Atlantic,,mackerel,grilled in springwater,scomber scombrus,fish,mackerel-rio,100,1,,,978,,17.5,18.4,4.6,0,0,0,480,,,
Sole Mare,,,,mackerel,in olive oil,,fish,mackerel-sm-oil,100,1,,,882,,26,11,2.8,0.5,0.5,0,110,,,
Sole Mare,,,,mackerel,in olive oil and herbs,,fish,mackerel-sm-herb,100,1,,,780,,22,10,4,2,0,0,490,,,
,,,,mandarin,,,fruit and vegetables,mandarin,100,1,,,,53,0.81,0.31,0.04,11.54,10.58,1.8,2,13.34,09218,
,,,,mango,,without skin,fruit and vegetables,mango,100,1,,,,60,0.82,0.38,0.09,13.38,13.66,1.6,1,14.98,09176,
Thomy,Thomynaise,low fat,,mayonnaise,,,"sauces, dips and spreads",thomynaise,100,2,1,,1340,,0.5,34,4.6,3.5,0.5,0.1,700,,,
Max’s,,low-fat,,mayonnaise,,,"sauces, dips and spreads",mayo-max,100,1,,,1732,,6.7,42.5,4.2,1.25,0.42,0.42,210,,,
Cucina,,,,mascarpone,,,dairy,mascarpone,100,1,,,1588,,4.2,40,27.6,2.1,2.1,0,20,,,
Harris Farm,,,,mozzarella,,,dairy,mozzarella,100,1,,,1280,,26.7,22.3,15.1,1,1,0,350,,,
Carloni,New Lifestyle,low fat,,mozzarella,,,dairy,mozzarella-carloni,100,1,,,697,,21,8.5,6,1.5,1.5,0,200,,,
Coop,,low fat,,milk,,,dairy,milk-coop,100,2,1,,190,,3.2,1.5,0.9,4.9,4.9,0,40,,,
Dairy Farmers,Lite White,low fat,,milk,,,dairy,milk,100,2,1,,198,,3.6,1.4,0.9,5.2,5.2,0,48,,,
Dairy Farmers,Original,full cream,,milk,,,dairy,milk-full,100,2,1,,266,,3.4,3.4,2.3,4.8,4.8,0,44,,,
Harris Farm,Farmer Friendly lite,low fat,,milk,,,dairy,milk-ff,100,2,1,,191,,3.4,1.3,0.9,4.9,4.9,0,43,,,
Harris Farm,Single herd,full cream,,milk,,,dairy,milk-hf,100,2,1,,277,,3.3,3.8,2.5,4.7,4.7,0,45,,,
Dairy Farmers,Skim,skim,,milk,,,dairy,milk-skim,100,2,1,,147,,3.6,0.1,0.1,4.9,4.9,0,45,,,
Paul’s,Zymil low fat,low fat,lactose free,milk,,,dairy,milk-zymil,100,2,1,,189,,3.4,1.3,0.8,4.9,4.9,0,40,,,
Norco,,low fat,lactose free,milk,,,dairy,milk-norco,100,2,1,,184,,3.6,1.3,0.9,4.6,4.6,0,41,,,
The Complete Dairy,High Protein light,high protein,low fat,milk,,,dairy,milk-hp-light,100,2,1,,214,,6,1.5,1,3.3,3.3,0,27,,,
,,,,morwong,,raw,fish,morwong,100,1,,,487,,17.4,5.2,1.8,0,0,0,80,,,
,,lean,beef,mince,,,meat,beef-mince,100,1,,,,215,18.55,15,5.72,0,0,0,66,,,
Coles,Australian lamb regular,,lamb,mince,,,meat,lamb-mince,100,1,,,926,,17.8,17,8.9,0,0,0,52,,,
Coles,Australian beef regular,,beef,mince,,,meat,beef-mince-coles,100,1,,,908,,19.9,17,6.8,0,0,0,71,,,
Coles,Australian beef lean,lean,beef,mince,,,meat,beef-mince-lean,100,1,,,687,,21.4,10,3.8,0,0,0,40,,,
Coles,Australian Angus beef,,beef,mince,,,meat,angus-mince,100,1,,,687,,21.4,10,3.8,0,0,0,40,,,
Coles,Australian pork and beef regular,,pork & beef ,mince,,70% pork,meat,pork-beef-mince,100,1,,,895,,18,17,6.3,0,0,0,49.3,,,
Coles,Australian pork extra lean,extra lean,pork,mince,,,meat,pork-mince-lean,100,1,,,508,,19.1,5,1.3,0,0,0,42.8,,,
Good 4U+U,Crunchy Combo,,,mixed sprouts,,"chickpea, mung, lentil, peas",legumes,crunchy-combo,100,1,,,,91.33,6.35,1.07,0.11,16.98,2.71,2.7,76.33,,,
,,sprouted,,mung beans,,,fruit and vegetables,mung-sprouts,100,1,,,,30,3.04,0.18,0.05,4.14,4.13,1.8,6,5.94,11043,
The Market Grocer,,,dried,muscatels,,,fruit and vegetables,muscatels,100,1,,,1310,,2.5,1,1,73,73,4.4,17,,,
,,white,,mushrooms,,,fruit and vegetables,mushroom,100,1,,,,22,3.09,0.34,0.05,2.26,1.98,1,5,3.26,11260,
Coles,,Australian,,mushrooms,,,fruit and vegetables,mushroom-coles,100,1,,,103,,3.3,0.3,0,0.3,0.3,1.5,8,,,
Bautz’ner,Senf mittelscharf,,German,mustard,,,"sauces, dips and spreads",mustard-mittelscharf,100,2,1,,449,,6.1,6.7,0.9,2.2,2,0,920,,,
PGF Premium,,hot,English,mustard,,,"sauces, dips and spreads",mustard-hot,100,1,,,757,,10.9,13.9,1,3.5,2.7,0,2150,,,
Kühne,,mild,German,mustard,,,"sauces, dips and spreads",mustard-kuhne,100,1,,,454,,6,6.7,0.3,2.8,1.4,0,1240,,,
Thomy,,hot,German,mustard,,,"sauces, dips and spreads",mustard-thomy,100,1,,,693,,7.5,13.1,0.9,0.2,0.18,0,2050,,,
Thomy,,Dijon,,mustard,,,"sauces, dips and spreads",mustard-thomy-dijon,100,2,1,,759,,7.5,11.2,2.1,10.1,2,7.4,1800,,,
PGF Premium,,wholegrain,,mustard,,,"sauces, dips and spreads",mustard-whole,100,1,,,632,,7.6,11.6,1,4.2,2.8,0,2050,,,
Masterfoods,Australian,,,mustard,,,"sauces, dips and spreads",mustard-aus,100,1,,,483,,4.7,7.4,0.5,7.6,0.3,0,1539,,,
Maille,Dijon,Dijon,,mustard ,,,"sauces, dips and spreads",mustard-maille,100,1,,,620,,7,11,1,3.5,2,0,2300,,,
Coleman’s,Double Superfine,,,mustard powder,,,"sauces, dips and spreads",mustard-powder,100,1,,,2323,,29,42,2.3,12,6.9,,8,,,
,,,,nectarine,,,fruit and vegetables,nectarine,100,1,,,,44,1.06,0.32,0.03,8.85,7.89,1.7,0,10.55,09191,
Aldi,,,,nut mix,,"50% sunflower seeds, 35% pepita, 15% pine nuts",nuts and seeds,nut-mix,100,1,,,2497,,26,52,6.2,4.2,3.3,0,12,,,
Mayver’s,Super Spread,,,nut butter,,"peanut, brazil nut, cashew","sauces, dips and spreads",super-spread,100,1,,,2430,,21,50.6,8.7,20.7,3.7,8.3,10,20.7,,
,,,,octopus,,raw,fish,octopus,100,1,,,,82,14.91,1.04,0.23,2.2,0,0,230,2.2,15166,
Migros,,,,octopus,in olive oil,Dosidicus gigas,fish,octopus-migros,100,1,,,684,,24,7,1,1,0.5,0,520,,,
,,,extra virgin,olive oil,,,condiments,olive-oil,100,2,0.92,,3446,,0,91.5,13.8,0,0,0,0,,,
Green Valley,,pitted,black,olives,,,preserved or dried foods,olives-b-p-gv,100,1,,,503,,0.5,13.2,2.2,0.1,0.1,,780,,,
Green Valley,,stuffed,green,olives,,,preserved or dried foods,olives-g-s-gv,100,1,,,498,,0.9,13,3,0.1,0.1,,1834,,,
Sandhurst,,pitted,black,olives,,,preserved or dried foods,olives-b-p-sh,100,1,,,520,,0.5,13.6,2.2,0,0,,600,,,
Sandhurst,,pitted,green,olives,,,preserved or dried foods,olives-g-p-sh,100,1,,,584,,0.9,15.2,2,0,0,,1500,,,
Three Three’s,,stuffed,green,olives,,,preserved or dried foods,olives-g-s-33,100,1,,,499,,1,11.2,2.3,4.3,1,,1340,,,
Sandhurst,,stuffed,green,olives,,,preserved or dried foods,olives-g-s-sh,100,1,,,533,,0.7,13.8,3,0,0,,1500,,,
Always Fresh,,whole,Kalamata,olives,,,preserved or dried foods,olives-k-p-af,100,1,,,1080,,0.7,25.7,4.1,4.1,0.7,,525,,,
,,,,olives,,drained,preserved or dried foods,olives,100,1,,,882,,2.1,20.4,2.6,2.6,0,3.3,1476,,,
Always Fresh,Mediterranean Chilli,stuffed,green,olives,,,preserved or dried foods,olives-med-af,100,1,,,396,,1.2,7.4,1.3,3.6,0.5,,1640,,,
,,,,onion,,,fruit and vegetables,onion-usda,100,1,,,,40,1.1,0.1,0.04,7.64,4.24,1.7,4,9.34,11282,
,,white,,onion,,,fruit and vegetables,onion-white,100,1,,,131,,1.7,0.1,0,4.8,4.8,2.2,14,,,13A11453
,,brown,,onion,,,fruit and vegetables,onion,100,1,,,127,,1.7,0.1,0,4.6,4.6,2.1,11,,,13A11408
,,,,orange,,without skin,fruit and vegetables,orange,100,1,,,,47,0.94,0.12,0.02,9.35,9.35,2.4,0,11.75,09200,
,,,navel,orange,,without skin,fruit and vegetables,orange-navel,100,1,,,,49,0.91,0.15,0.02,10.34,8.5,2.2,1,12.54,09202,
,,,,papaya,,,fruit and vegetables,papaya,100,1,,,,43,0.47,0.26,0.08,9.12,7.82,1.7,8,10.82,09226,
,,,,persimmon,,,fruit and vegetables,persimmon,100,1,,,,70,0.58,0.19,0.04,14.99,12.53,3.6,1,18.59,09263,
Cucina,,Grana Padano,,parmesan,,,dairy,grana-padano-cucina,100,1,,,1654,,33,29,18,0,0,0,600,,,
Zanetti,,Grana Padano,,parmesan,,,dairy,grana-padano-zanetti,100,1,,,1654,,33,28,18,0,0,0,600,,,
Harris Farm,,Grana Padano,,parmesan,,,dairy,grana-padano,100,1,,,1640,,33,28,20.9,2.4,2.4,0,640,,,
Harris Farm,,Italian,,parmesan,,,dairy,parmesan-hf,100,1,,,1470,,33,22.32,13.46,4.1,4.1,0,876,,,
Harris Farm,,,,parmesan skin,,,dairy,parmesan-skin,100,1,,,1920,,28.1,38.2,26,1.7,1,0,780,,,
Millel,,,,parmesan,,,dairy,millel,100,1,,,1527,,34.7,24.8,16.1,1,1,0,1140,,,
Harris Farm,,Reggiano,,parmesan,,,dairy,reggiano,100,1,,,1633,,33,24.6,16.1,0,0,0,551,,,
Coles,,Grana Padano,,parmesan,,,dairy,grana-padano-coles,100,1,,,1654,,33,29,18,0,0,0,600,,,
,,yellow,,peach,,,fruit and vegetables,peach,100,1,,,,39,0.91,0.25,0.02,8.04,8.39,1.5,0,9.54,09236,
Alnatura,,plain,smooth,peanut butter,,,"sauces, dips and spreads",pb-alnatura,100,1,,,2562,,29,49,10,12,6.2,6.5,4,,,
Sanitarium,Natural,plain,smooth,peanut butter,,,"sauces, dips and spreads",pb,100,1,,,2560,,30.2,49.4,4.8,9.4,5.6,,5,,,
Sanitarium,No added,plain,smooth,peanut butter,,,"sauces, dips and spreads",pb-noadded,100,1,,,2560,,27,54.4,8.4,10,5,6,8,,,
Mother Earth,Natural,plain,smooth,peanut butter,,,"sauces, dips and spreads",pb-me,100,1,,,2510,,27.2,47.6,5.9,13,5.5,,210,,,
Fix & Fogg,,cocoa,smooth,peanut butter,,,"sauces, dips and spreads",pb-choc,100,1,,,2540,,28.3,47.4,8,15.2,6.6,,43,,,
Crisco,,,,peanut oil,,,condiments,peanut-oil,100,2,0.92,,3400,,0,92,18.4,0,0,0,0,,,
,,,,peanuts,,raw,nuts and seeds,peanuts-usda,100,1,,,,567,25.8,49.24,6.28,7.63,4.72,8.5,18,16.13,16087,
,,,,peanuts,,raw,nuts and seeds,peanuts,100,1,,,2376,,24.7,47.1,7.1,8.9,5.1,8.2,1,,,
Galaxy,,,,pearl barley,,uncooked,grains,barley,100,1,,,1360,,8,2.4,0.4,61.2,0.7,,15,,,
Birds Eye,Garden,frozen,,peas,,,fruit and vegetables,peas,100,1,,,253,,5.2,0.3,0.1,6.4,2.5,5.6,3,,,
Beste Ernte,,frozen,baby,peas,,,fruit and vegetables,peas-baby,100,1,,,353,,6.6,0.4,0.1,9.7,2.5,7.6,40,,,
,,,,pepitas,,USDA data,nuts and seeds,pepitas-usda,100,1,,,,559,30.23,49.05,8.66,4.71,1.4,6,7,10.71,12014,
,,,,pepitas,,,nuts and seeds,pepitas,100,1,,,2416,,24.4,45.6,8.4,13.7,1,10.2,20,,,
The Market Grocer,,,,pepitas,,,nuts and seeds,pepitas-tmg,100,1,,,2343,,30,49,9,17.8,1,0,18,,,
Yummy Fruit & Nut,,,,pepitas,,,nuts and seeds,pepitas-yummy,100,1,,,2460,,31.9,46.1,7,10,1.9,6,3,,,
The Protein Bread Co,,flourless,,pizza base,,uncooked,grains,pizza-base,100,1,,,1547,,37,18.8,1.2,4.6,2.5,26.8,460,,,
,,,,pineapple,,,fruit and vegetables,pineapple,100,1,,,178,,0.6,0.2,0,8.2,8.2,1.8,2,,,
,,,,plum,,,fruit and vegetables,plum,100,1,,,,46,0.7,0.28,0.02,11.42,9.92,1.4,0,,,
Macro,Five Grain,multigrain,,porridge,,,grains,porridge-fivegrain,100,1,,,1450,,15.6,3.8,0.8,58.6,1.3,12.9,4,,,
Monster,Multigrain,multigrain,,porridge,,,grains,porridge-monster,100,1,,,1330,,10,4.7,0.95,58,0.8,9,4,,,
Coles,,Carisma,,potato,,with skin,fruit and vegetables,potato-carisma,100,1,,,190,,2.4,0.4,0.1,8.8,1.5,2.2,13,,,
,,white,,potato,,with skin,fruit and vegetables,potato-white,100,1,,,,69,1.68,0.1,0,13.31,1.15,2.4,16,15.71,11354,
,,,,protein,,,miscellaneous,protein,100,1,,,1700,,100,0,0,0,0,0,0,,,
Aldi,,,soy,protein powder,,,soy products,protein-aldi,100,1,,,1507,,77.33,2,0.67,4.67,4.67,7.33,1513,,,
Nature’s Way,,,soy,protein powder,,,soy products,protein-nw,100,1,,,1610,,87,3.3,1,1,0,,730,,,
IGA Signature,,,,psyllium husk,,,grains,psyllium-husk,100,1,,,125,,3,0,0,4,0,80,125,,,
Alnatura,,,,psyllium husk,,,grains,psyllium-husk-alnatura,100,1,,,901,,2.3,0.7,0.2,12,0,79,60,,,
Bolletje,,,,pumpernickel,,,grains,pumpernickel,100,1,,,810,,4.5,1.9,0.3,35,6,,360,,,
Van Der Meulen,,,,pumpernickel,,,grains,pumpernickel-vdm,100,1,,,852,,5.6,1.2,0.2,36.8,11.7,10.8,460,,,
,,,,pumpkin,,,fruit and vegetables,pumpkin,100,1,,,,26,1,0.1,0.05,6,2.76,0.5,1,6.5,11422,
Aldi,,low fat,,quark,,,dairy,quark-aldi,100,1,,,246,,9.7,0.3,0.2,4.1,3.3,0,34,,,
Harris Farm,,low fat,,quark,,,dairy,quark-hf,100,1,,,209.3,,7.7,0.2,0.1,4.3,3.3,0,39,,,
Migros Budget,,low fat,,quark,,,dairy,quark-migros,100,1,,,280,,9,0.1,0.1,7,7,0,40,,,
Mark Brandenburg,,low fat,speise,quark,,,dairy,speise-quark,100,1,,,289,,12.2,0.3,0.1,3.9,3.9,0,40,,,
,,,,raspberry,,,fruit and vegetables,raspberry,100,1,,,225,,1.2,0.3,0.1,7.4,7,6.1,1,,,06A10092
Sunbeam,Australian,,,raisins,,,preserved or dried foods,raisins,100,1,,,1310,,2.6,1,1,71.4,71.4,5.1,15,,,
Bellasan,,,,colza oil,,,condiments,raps-oil,100,2,0.92,,3400,,0,92,6,0,0,0,0,,,
,,long grain,brown,rice,,cooked,grains,rice-brown,100,1,,,,123,2.74,0.97,0.26,23.98,0.24,1.6,4,25.58,20037,
,,long grain,white,rice,,cooked,grains,rice-white,100,1,,,,130,2.69,0.28,0.08,27.77,0.05,0.4,1,28.17,20445,
DeliGrains,,multigrain,brown,rice cracker,,,"biscuits, crackers and chips",rice-cracker-deli,100,1,,,1752,,7.9,6.8,1,81,0.5,8.3,305,,,
Sun Rice,Original Thin,wholegrain,brown,rice cracker,,,"biscuits, crackers and chips",rice-cracker,100,1,,,1640,,9.1,2.9,0.6,79.4,0.9,3.7,1,,,
Sun Rice,Quinoa Thin,wholegrain,brown,rice cracker,,,"biscuits, crackers and chips",rice-cracker-q,100,1,,,1620,,8.7,3.2,0.6,78,1,3.8,5,,,
Aldi,,low fat,,ricotta,,,dairy,ricotta-aldi,100,1,,,484,,11.9,6.1,4.4,3.3,3.3,0,289,,,
Perfect Italiano,,low fat,,ricotta,,,dairy,ricotta-light,100,1,,,378,,8.7,4.8,3.4,3.1,3.1,0,159,,,
Perfect Italiano,,,,ricotta,,,dairy,ricotta-heavy,100,1,,,572,,8.7,9.8,6.9,3.6,3.6,0,183,,,
,,,,rocket,,,fruit and vegetables,rocket,100,1,,,,25,2.58,0.66,0.09,2.05,2.05,1.6,27,3.65,11959,
,,,,rockmelon,,,fruit and vegetables,rockmelon,100,1,,,,34,0.84,0.19,0.05,7.26,0.76,0.9,16,8.16,09181,
,,farmed,Atlantic,salmon,,dry cooked,fish,salmon,100,1,,,,206,22.1,12.35,2.4,0,0,0,61,0,15237,
,,farmed,Atlantic,salmon,,,fish,salmon-raw,100,1,,,,208,20.42,13.42,3.05,0,0,0,59,0,15236,
John West,Wild Caught,,,salmon,in springwater,,fish,salmon-jw-wild,100,1,,,484,,23.9,2.1,0.5,1,1,0,280,,,
Safcol,,,,salmon,in springwater,drained,fish,salmon-safcol,100,1,,,305,,14.6,1.3,0.4,0.5,0.5,0,315,,,
Tassal,Premium Roasted,,,salmon,in springwater,,fish,salmon-tassal,100,1,,,658,,23,6.9,1.7,1,1,0,625,,,
Challenge Gold Medal,,,,sambal oelek,,,condiments,sambal-oelek-gm,100,1,,,503,,5.3,1.5,0,16.8,15.9,,1734,,,
Castle Brand,,,,sambal oelek,,,condiments,sambal-oelek,100,1,,,340,,3.3,2.9,0.4,5.1,0.5,11.2,1100,,,
Almare Seafood,,skinless,,sardines,in sunflower oil,,fish,sardines-almare,100,1,,,1364,,20,28,4.4,0,0,0,352,,,
Migros,,skinless,,sardines,in olive oil,Sardina pilchardus,fish,sardines-migros,100,1,,,1252,,21,24,4.5,0.5,0.5,0,200,,,
,,,,salt,,,condiments,salt,100,1,,,0,,0,0,0,0,0,0,40000,,,
Nishin,,seasoned,,seaweed salad,,,preserved or dried foods,seaweed-salad,100,1,,,,85,2,5,1,11,3,2,1000,,,
Chop Stick,,,,shirataki rice,,,fruit and vegetables,shirataki-rice,100,1,,,36,,0.25,0.25,0.25,0.25,0.25,4.5,16,,,
,,,,sodium,,,miscellaneous,sodium,100,1,,,0,,0,0,0,0,0,0,100000,,,
Coles,Australian Beef Thick BBQ,,beef,sausage,,93g,meat,sausage-thick,100,1,,,930,,13.9,15.9,8.5,5.8,1,0,910,,,
Coles,Australian Beef Thin BBQ,,beef,sausage,,70g,meat,sausage-thin-coles,100,1,,,991,,13,17.8,9.3,6,1,0,950,,,
Belmore Meats,Organic Grass Fed,,beef,sausage,,,meat,sausage-organic,100,1,,,697,,18.7,9,3.3,2.7,0.3,0,447,,,
Krakus,,,,sauerkraut,,,preserved or dried foods,sauerkraut,100,1,,,68,,1,0,0,0,1,,618,,,
Yeo’s,,,,sesame oil,,,condiments,sesame-oil,100,2,0.92,,3370,,0,91.1,13.9,0,0,0,5,,,
,,,,snapper,,,fish,snapper,100,1,,,,100,20.51,1.34,0.2,0,0,0,64,0,15101,
Sanitarium,So Good Lite,low fat,,soy milk,,,soy products,milk-sogood,100,2,1,,166,,3.1,0.8,0.1,4.9,2,0,0,,,
Australia’s Own,Organic,,,soy milk,,,soy products,milk-soy-org,100,2,1,,124,,1.9,2.4,0.3,0.4,0.4,1,70,,,
Alnatura,,organic,toasted,soy flour,,,soy products,soy-flour,100,1,,,1679,,41,21,2.6,3.1,3.1,19,4,,,
Migros Bio,,,toasted,soy flakes,with malt extract,,soy products,soy-flakes-malted,100,1,,,1890,,41,24,3.6,12,7,13,12,,,
Alnatura,,organic,,soy flakes,,,soy products,soy-flakes,100,1,,,1657,,40.8,20.6,2.6,3.1,3.1,18.5,6,,,
Pearl River Bridge,,low sodium,,soy sauce,,,condiments,soy-sauce-prb,100,2,1,,,38,5,0,0,4.5,,,3600,,,
Pearl River Bridge,Superior Light,,,soy sauce,,,condiments,soy-sauce-light,100,2,1,,209,,5.5,1,1,6.8,3,,5800,,,
Kikkoman,,low sodium,,soy sauce,,,condiments,soy-sauce,100,2,1,,502,,9.9,0,0,9.8,3.8,,3808,,,
Eco Organics,,black bean,,spaghetti,,,grains,spaghetti-bean,100,1,,,1344,,45,4,1,30,7.08,21,3.6,,,
,,,,spinach,,,fruit and vegetables,spinach,100,1,,,,23,2.86,0.39,0.06,1.43,0.42,2.2,79,3.63,11457,
,,,scallop,squash,,,fruit and vegetables,squash,100,1,,,,18,1.2,0.2,0.04,2.64,2.39,1.2,1,3.84,11475,
,,,,strawberry,,,fruit and vegetables,strawberry,100,1,,,,32,0.67,0.3,0.02,5.68,4.89,2,1,7.68,09316,
,,,,sugar,,,miscellaneous,sugar,100,1,,,,387,0,0,0,100,100,0,0,,,
Sunbeam,Australian Natural,,,sultanas,,,preserved or dried foods,sultanas,100,1,,,1240,,2.4,1,1,67.4,67.4,4.9,5,,,
,,,,sunflower seeds,,,nuts and seeds,sunflower,100,1,,,2445,,20.8,51.5,4.5,20,2.6,,9,,,
,,,,sweet potato,,without skin,fruit and vegetables,sweetpotato,100,1,,,,86,1.57,0.05,0.02,20.12,4.18,3,55,,,
Carwari,,black,unhulled,tahini,,,"sauces, dips and spreads",tahini-black,100,1,,,2717,,20.4,60.7,7.5,1,0.7,,79,,,
Nutrisoy,,,,tempeh,,,soy products,tempeh,100,1,,,590,,15,4.7,0.6,9.7,0.6,6,5,,,
Nutrisoy,Tasty,,,tempeh,,,soy products,tempeh-tasty,100,1,,,590,,15,4.7,0.6,9.7,0.7,6,320,,,
Super Soy,,firm,,tofu,,,soy products,tofu,100,1,,,416,,11.3,5,0.8,4.2,0.3,2.2,6,,,
Nutrisoy,Spicy Tofu,seasoned,,tofu,,,soy products,tofu-spicy,100,1,,,730,,18,9.5,1.2,4.5,0.7,1.4,290,,,
,,,,tomato,,USDA data,fruit and vegetables,tomato-usda,100,1,,,,18,0.9,0.2,0,3.9,2.6,1.2,5,,,
,,,,tomato,,,fruit and vegetables,tomato,100,1,,,74,,1,0.1,0,2.4,2.3,1.2,8,,,
Cucina,,,,tomato paste,,3x concentrate,condiments,tomato-paste,100,1,,,539,,5.8,0.6,0.2,21.8,16.6,,392,,,
Thomy,,,,tomato paste,,3x concentrate,condiments,tomato-paste-thomy,100,1,,,538,,5.8,0.5,0.1,22.8,17.2,4.1,40,,,
,,farmed,rainbow,trout,,dry cooked,fish,trout,100,1,,,,168,23.8,7.38,1.65,0,0,0,61,0,15241,
,,farmed ,rainbow,trout,,,fish,trout-raw,100,1,,,,141,19.94,6.18,1.38,0,0,0,51,0,15240,
Migros,,Skipjack,,tuna,in brine,Katsuwonus pelamis,fish,tuna-migros,100,1,,,418,,23,0.5,0.5,0.5,0.5,0,400,,,
Safcol,,,,tuna,in brine,,fish,tuna-safcol,100,1,,,350.75,,19.4,0.45,0.1,0,0,0,340.3,,,
Sirena,,,,tuna,in springwater,,fish,tuna-sirena,100,1,,,458,,26,1,0,0,0,0,162,,,
Sirena,,,,tuna,in light oil,,fish,tuna-sirena-lite,100,1,,,528.57,,24,3.29,0.57,0,0,0,480,,,
Sole Mare,,,,tuna,in springwater,,fish,tuna-solemare,100,1,,,545.71,,24,1,0.43,0,0,0,240,,,
BTO Top Taste,,,,tzatziki,,,"sauces, dips and spreads",tzatziki,100,1,,,598,,4.8,10.1,3.6,8.4,6.4,,344,,,
,,low sodium,,Vegemite,,,"sauces, dips and spreads",vegemite,100,1,,,950,,25.6,0.05,0.05,17.5,3.7,9.2,2430,,,
Flats,Tomato and Basil,,,vegetable chips,,,"biscuits, crackers and chips",flats,100,1,,,1770,,16.4,32.2,2.7,8.4,7.9,45.2,395,,,
Migros,Crème Grill-Gemüse,,,vegetable spread,,,"sauces, dips and spreads",vegetable-spread,100,1,,,644,,2.5,11,1,10,6,3,480,,,
Anchor,Margaret River,,,verjuice,,,condiments,verjuice,100,2,1,,222,,1,1,1,10.2,10.2,,12,,,
,,cider,,vinegar,,,condiments,vinegar,100,2,1,,,21,0,0,0,0.93,0.4,0,5,0.93,02048,
Mazzetti ,l’originale,balsamic,,vinegar,,,condiments,balsamic,100,2,1,,328,,0.3,0,0,15.7,15.7,0,10.8,,,
The Market Grocer,,,,walnuts,,,nuts and seeds,walnuts,100,1,,,2738,,15.2,66.2,6.1,14,2.6,,2,,,
Pandaroo,,,,wasabi,,,condiments,wasabi,100,1,,,1270,,2.5,12.4,2.2,43,15,5.1,2950,,,
,,,,watermelon,,without skin,fruit and vegetables,watermelon,100,1,,,,30,0.61,0.15,0.02,7.15,6.2,0.4,1,7.55,09326,
,,,,water,,pure,miscellaneous,water,100,2,1,,0,,0,0,0,0,0,0,0,,,
,,,red,wine,,,alcoholic beverages,red-wine,100,2,1,,,85,0.07,0,0,2.61,0.62,0,4,2.61,14096,
,,,white,wine,,,alcoholic beverages,white-wine,100,2,1,,,82,0.07,0,0,2.6,0.96,0,5,2.6,14106,
Barambah Organics,Lactose Free,lactose free,plain,yoghurt,,,dairy,yoghurt-barambah-lf,100,1,,,360,,5,4,3,6,2,0,54,,,
Migros Bio,Nature,,plain,yoghurt,,,dairy,yoghurt-migros-bio,100,1,,,320,,4,4,2.1,6,6,0,60,,,
Borhhoffen,Natural,,plain,yoghurt,,,dairy,yoghurt-bornhoffen,100,1,,,369,,5.8,3.9,2.6,7.4,7.4,0,73,,,
Chobani,0.5%,low fat,Greek,yoghurt,,,dairy,yoghurt-chobani,100,1,,,240,,9.7,0.2,0.1,4.2,3.3,0,32,,,
Chobani,Whole milk 4%,whole milk,Greek,yoghurt,,4% fat,dairy,yoghurt-chobani-4,100,1,,,366,,8.7,4,2.6,3.9,2.7,0,24,,,
B.D. Farm Paris Creek,Indulgence,low fat,Greek,yoghurt,,,dairy,yoghurt-greek-bd,100,1,,,280,,5.6,1.7,1.3,7,5.1,0,63,,,
Farmers Union,High Protein 0.2% fat,low fat,Greek,yoghurt,,,dairy,yoghurt-farmers-hp,100,1,,,261,,8.1,0.2,0.1,6.2,5.2,0,52,,,
Jalna,Low fat a2,low fat,plain,yoghurt,,,dairy,yoghurt-jalna-a2,100,1,,,322,,5.1,2,1.3,6.9,5.6,0.9,76,,,
Jalna,Biodynamic Whole Milk,whole milk,plain,yoghurt,,,dairy,yoghurt-jalna-bd,100,1,,,350,,4.3,4.6,3.2,6.3,4.1,0.1,120,,,
Jalna,Fat Free Natural,fat free,plain,yoghurt,,,dairy,yoghurt-jalna-ff,100,1,,,220,,5.3,0.1,0.1,7.4,5.5,0.1,90,,,
Tamar Valley,Fat Free Natural,fat free,plain,yoghurt,,,dairy,yoghurt-tamar,100,1,,,231,,6.6,0.15,0.15,6.7,6.7,0,71,,,
,,,,zucchini,,,fruit and vegetables,zucchini,100,1,,,,17,1.21,0.32,0.08,3.11,2.5,1,8,,,
