NUTTAB index,name,quantity,quantity_unit,notes
"F000996","can",375.0,"ml","Assumes 375mL based on FSANZ internet search. Volume multiplied by density to determine the gram amount."
"F000994","can",375.0,"ml","Assumes 375mL based on FSANZ internet search. Volume multiplied by density to determine the gram amount."
"F000995","can",375.0,"ml","Assumes 375mL based on FSANZ internet search. Volume multiplied by density to determine the gram amount."
"F001006","can",375.0,"ml","Assumes 375mL based on FSANZ internet search. Volume multiplied by density to determine the gram amount."
"F001004","can",375.0,"ml","Assumes 375mL based on FSANZ internet search. Volume multiplied by density to determine the gram amount."
"F000051","shot",30.0,"ml","Assumes 30 mL based on FSANZ internet research 2011. Volume multiplied by density to determine gram amount."
"F002955","bottle",394.0,"ml","Based on the average bottle size of 7 commonly available apple ciders"
"F008402","can",375.0,"ml","Based on standard can size and density."
"F008402","bottle",600.0,"ml","Based on standard bottle size multiplied by density."
"F008403","can",375.0,"ml","Based on standard can size and density."
"F008403","bottle",600.0,"ml","Based on standard bottle size multiplied by density."
"F008404","bottle",600.0,"ml","Based on standard bottle size multiplied by density."
"F008404","can",375.0,"ml","Based on standard can size and density."
"F008405","can",375.0,"ml","Based on standard can size and density."
"F008405","bottle",600.0,"ml","Based on standard bottle size multiplied by density."
"F008421","can",250.0,"ml","Size of small Red Bull can available in 2017.  Volume multiplied by density to determine the gram amount."
"F008424","can",250.0,"ml","Size of small V can available in April 2013.  Volume multiplied by density to determine the gram amount."
"F008438","can",375.0,"ml","Based on standard can size multiplied by density."
"F008438","bottle",600.0,"ml","Based on standard bottle size multiplied by density."
"F008439","bottle",600.0,"ml","Based on standard bottle size multiplied by density."
"F008439","can",375.0,"ml","Based on standard can size multiplied by density."
"F008460","bottle",300.0,"ml","Based on standard bottle size multiplied by density."
"F008461","bottle",300.0,"ml","Based on standard bottle size multiplied by density."
"F003095","medium cone",4.0,"g","From AUSNUT 2007 record 02C20219 Cone, wafer style, for ice cream"
"F001420","regular flat/pita bread",66.0,"g","Size of regular sized Mission Pita Bread"
"F001420","Mountain bread",25.0,"g","Size of white mountain bread available in 2012."
"F001404","Mountain bread",25.0,"g","Size of wholemeal mountain bread available in 2012."
"F001404","regular flat/pita bread",66.0,"g","Size of regular sized Mission Pita Bread"
"F001463","sandwich slice",33.0,"g","Weighted mean of 19 brands of regular white sandwich bread available in 2013, excludes Helga's"
"F001541","sandwich slice",27.0,"g","Calculated from fresh weight assuming -16% weight change factor"
"F001466","sandwich slice",35.0,"g","From AUSNUT 2007 record 02B10294 Bread, from white flour, added calcium"
"F001467","sandwich slice",29.0,"g","Calculated from fresh weight assuming -16% weight change factor"
"F001468","sandwich slice",36.0,"g","From AUSNUT 2007 record 02B10216 Bread, from white flour, added fibre"
"F001479","sandwich slice",30.0,"g","Calculated from fresh weight assuming -16% weight change factor"
"F001482","sandwich slice",27.0,"g","From AUSNUT 2007 record 02B10308 Bread, from wholemeal flour, added iron"
"F001483","sandwich slice",23.0,"g","Calculated from fresh weight assuming -16% weight change factor"
"F001484","sandwich slice",37.0,"g","From AUSNUT 2007 record 02B10297 Bread, from white flour, added omega-3 polyunsaturates"
"F001485","sandwich slice",31.0,"g","Calculated from fresh weight assuming -16% weight change factor"
"F001543","sandwich slice",35.0,"g","Based on product information available for white Jackaroo bread in 2014."
"F001544","sandwich slice",29.0,"g","Calculated from fresh weight assuming -15% weight change factor"
"F001528","sandwich slice",27.0,"g","Based on the weight of a toast slice"
"F001529","sandwich slice",23.0,"g","Calculated from fresh weight assuming -16% weight change factor"
"F001353","small bun/dinner roll",34.0,"g"," Average of supermarket and bakery varieties available in 2011 as analysed by FSANZ as part of the 2011 student research project."
"F001353","medium bun or roll",69.0,"g","Average of supermarket and bakery varieties available in 2011 as analysed by FSANZ as part of the 2011 Student research project."
"F001358","small bun/dinner roll",29.0,"g","Based on the fresh roll weight with a -14% weight change factor applied"
"F001358","medium bun or roll",59.0,"g","Based on the fresh roll weight with a -14% weight change factor applied"
"F001372","bun or roll",85.0,"g","Size of a regular Bakers delight cheese topped roll available in 2012."
"F001373","bun or roll",85.0,"g","Size of a regular Bakers delight cheese and bacon topped roll available in 2012."
"F001553","sandwich slice",32.0,"g","Weighted mean of 20 brands available in 2013, excluding Helga's"
"F001597","sandwich slice",28.0,"g","Calculated from fresh weight assuming -15% weight change factor"
"F001573","sandwich slice",38.0,"g","Based on product information available in 2011"
"F001576","sandwich slice",32.0,"g","Calculated from fresh weight assuming -15% weight change factor"
"F001360","medium bun or roll",69.0,"g","Average of supermarket and bakery varieties available in 2011 as analysed by FSANZ as part of the 2011 Student research project."
"F001360","small bun/dinner roll",35.0,"g"," Average of bakery varieties available in 2011 as analysed by FSANZ as part of the 2011 student research project."
"F001364","small bun/dinner roll",30.0,"g","Based on the fresh roll weight with a -15% weight change factor applied"
"F001364","medium bun or roll",59.0,"g","Based on the fresh roll weight with a -15% weight change factor applied"
"F001545","sandwich slice",48.0,"g","From AUSNUT 2007 record 02B10224 Bread, from white flour, homemade from basic ingredients, regular slice"
"F001548","sandwich slice",44.0,"g","From white bread, organic, commercial, toasted"
"F001621","sandwich slice",36.0,"g","Weighted mean of 24 brands available in 2013"
"F001644","sandwich slice",30.0,"g","Calculated from fresh weight assuming -15% weight change factor"
"F001513","sandwich slice",37.0,"g","Based on products available in 2013"
"F001514","sandwich slice",31.0,"g","Calculated from fresh weight assuming -16% weight change factor"
"F001365","medium bun or roll",70.0,"g","Average of supermarket and bakery varieties available in 2011 as analysed by FSANZ as part of the 2011 Student research project."
"F001368","medium bun or roll",60.0,"g","Based on the fresh roll weight with a -15% weight change factor applied"
"F001457","regular slice",34.0,"g","Average of 2 brands of fruit bread available in 2013"
"F001458","regular slice",28.0,"g","Calculated from fresh weight assuming -16% weight change factor"
"F001600","regular slice",36.0,"g","Based on the average weight of 2 types of garlic bread (Homebrand & La Famiglia) available in 2013"
"F001603","sandwich slice",36.0,"g","FSANZ 2011. Student research project."
"F001609","sandwich slice",30.0,"g","Calculated from fresh weight assuming -16% weight change factor"
"F001450","sandwich slice",40.0,"g","FSANZ 2011 Student research project."
"F001451","sandwich slice",28.0,"g","Calculated from fresh weight assuming -15% weight change factor"
"F001939","finger bun",85.0,"g","Based on product information available on the Bakers Delight website in 2018"
"F003313","crumpet",42.0,"g","Average of brands Golden and Mighty Soft available in 2012"
"F005896","whole",76.0,"g","Average of major brands Tip Top, Wonder White, Mighty Soft"
"F005898","whole",67.0,"g","Average of major brands Tip Top, Wonder White, Mighty Soft"
"F005897","whole",70.0,"g","Average of major brands Tip Top, Wonder White, Mighty Soft"
"F001688","tetra pack",250.0,"ml","Size of Sanitarium up and go available in 2012. Volume multiplied by the density to determine the gram amount."
"F001374","regular slice",140.0,"g","Manual weighing of 6 commercial banana breads by FSANZ in 2012."
"F002159","regular square",125.0,"g","From AUSNUT  2007 record 02E10298 Cake, lamington, unfilled"
"F002168","mini cupcake",20.0,"g","Manual weighing of commercial mini cupcakes by FSANZ in 2012."
"F002168","medium cupcake",165.0,"g","Manual weighing by FSANZ in 2011."
"F003575","regular doughnut",97.0,"g","Average label information for commercial products available in 2012"
"F003573","regular doughnut",50.0,"g","Average label information for commercial products available in 2012"
"F003574","regular doughnut",63.0,"g","Average of label information for commercial products available in 2012"
"F005877","medium, uniced",163.0,"g","Manual weighing of medium/regular commercial muffins by FSANZ in 2011."
"F005882","medium, uniced",163.0,"g","Imputed from berry muffin"
"F006700","pikelet",25.0,"g","Based on product information available for Coles, Woolworths and Golden pikelets in February 2013"
"F008173","scone",65.0,"g","Based on product information available on the Bakers Delight website in 2011"
"F008172","scone",85.0,"g","Based on product information available on the Bakers Delight website in 2016"
"F006143","sachet, dry/uncooked",34.0,"g","Based on product information available for common brands of oat sachets in 2011"
"F007164","sachet, cooked with liquid",198.0,"g","Based on label information for the weight of oats to liquid with a weight change factor applied."
"F004362","burger with bread roll",350.0,"g","Manual weighing of takeaway hamburgers by FSANZ in 2012."
"F006055","packet, uncooked",79.0,"g","Manually weighed by FSANZ in 2011"
"F006053","packet, cooked and drained",145.0,"g","Weighed  by FSANZ in 2011 after preparing according to label instructions"
"F006054","packet, cooked, not drained",385.0,"g","Weighed  by FSANZ in 2011 after preparing according to label instructions"
"F008737","single serve",220.0,"g","Based on product information available for common brands in April 2013"
"F008738","single serve",220.0,"g","Imputed from regular variety"
"F003305","regular",67.0,"g","From AUSNUT 2007 02E40059 Croissant, plain"
"F006493","regular individual size",140.0,"g","Average of product information available for Borgs & Herbert Adams in 2013"
"F006493","mini/party size",31.0,"g","Average of product information available for Borgs & Herbert Adams in 2013"
"F006665","regular individual size",175.0,"g","Average of commonly available commercial meat pies in 2011"
"F006665","mini/party size",38.0,"g","Average of commonly available commercial meat pies available in 2011"
"F006667","regular individual size",175.0,"g","From 02E60292 Pie, savoury, meat, commercial"
"F006667","mini/party size",38.0,"g","From 02E60292 Pie, savoury, meat, commercial"
"F008098","regular individual size",130.0,"g","Average of commercial brands commonly available in 2012."
"F008098","mini/party size",40.0,"g","Average of commercial brands commonly available in 2012."
"F008101","mini/party size",40.0,"g","Average of commercial brands commonly available in 2012."
"F008101","regular individual size",130.0,"g","Average of commercial brands commonly available in 2012."
"F008794","mini/party size",30.0,"g","Based on product information available for Coles, Ho Mai & Colonial Farm in 2012."
"F008794","regular individual size",70.0,"g","Based on a range of measures from AUSNUT 1999 and AUSNUT 2007"
"F006679","regular individual size",125.0,"g","Based on product information for Sara Lee individual apple pies available in 2012"
"F009102","regular individual size",135.0,"g","Based on the size of sweet tarts and pies published in AUSNUT 2007"
"F008065","plastic fish",3.0,"g","Based on product information available for fish shaped soy sauce packets"
"F008083","packet, single serve",14.0,"g","Based on product information available in 2012."
"F008085","packet, single serve",14.0,"g","From 10A10444, Sauce, tomato, commercial, regular"
"F002414","sandwich slice",21.0,"g","Mean of three slices of pre-sliced cheddar cheese available in 2012"
"F002413","sandwich slice",21.0,"g","Mean of three slices of pre-sliced cheddar cheese available in 2012"
"F002412","sandwich slice",21.0,"g","Mean of three slices of pre-sliced cheddar cheese available in 2012"
"F002428","sandwich slice",21.0,"g","Mean of three slices of pre-sliced cheddar cheese available in 2012"
"F002425","sandwich slice",21.0,"g","Mean of three slices of pre-sliced cheddar cheese available in 2012"
"F002444","individual/small tub",40.0,"g","Kraft individual cream cheese tubs available in 2012."
"F004508","individual cup/tub",127.0,"g","Average of Skinny Cow, Weight Watchers, Bulla, Connoisseur & Billabong individual serve products available in 2013"
"F003488","tub from 6 pack",150.0,"g","Based on product information available in 2012"
"F009694","tub from 6 pack",200.0,"g","Assumes same as other 6 packs of full fat yoghurt"
"F009741","tub from 12 pack",100.0,"g","Coles, Ski divine, Brooklea product information"
"F009741","tub from 6 pack",200.0,"g","Brooklea indulge, Coles, Ski Divine product information"
"F009749","tub from 6 pack",175.0,"g","Yoplait original product information"
"F009749","tub from twin pack",200.0,"g","Ski divine product information"
"F008155","standard long/thin",72.0,"g","From AUSNUT 2007 08G10020 Sausage, vegetarian style, fried, unspecified oil"
"F008151","standard long/thin",72.0,"g","From AUSNUT 2007 08G10020 Sausage, vegetarian style, fried, unspecified oil"
"F008153","fillet",100.0,"g","Based on product information available for Quorn label data fro plain & crumbed fillets in 2012"
"F009739","tub from twin pack",175.0,"g","Soy life product information"
"F001973","packet, single serve",7.0,"g","Size of an individual serve packet of butter available in 2012."
"F001971","packet, single serve",7.0,"g","Size of an individual serve packet of butter available in 2012."
"F005370","packet, single serve",4.7,"g","Size of an individual serve packet of margarine available in 2012."
"F005373","packet, single serve",4.7,"g","Size of an individual serve packet of margarine available in 2012."
"F005319","packet, single serve",4.7,"g","Size of an individual serve packet of margarine available in 2012."
"F005309","packet, single serve",4.7,"g","Size of an individual serve packet of margarine available in 2012."
"F005310","packet, single serve",4.7,"g","Size of an individual serve packet of margarine available in 2012."
"F005345","packet, single serve",4.7,"g","Size of an individual serve packet of margarine available in 2012."
"F003729","regular",44.0,"g","Data provided by the Australian Egg Corporation in 2007. Calculated from edible portion of a 50 g egg"
"F003721","regular",41.0,"g","Data provided by the Australian Egg Corporation in 2007. Calculated from edible portion of a 50 g egg"
"F003725","regular",42.0,"g","Calculated based on the raw weight assuming -4% weight change factor"
"F003718","regular",39.0,"g","Calculated from raw weight assuming -12% weight change factor"
"F003724","regular",44.0,"g","Data provided by the Australian Egg Corporation in 2007. Calculated from edible portion of a 50 g egg"
"F003723","regular",44.0,"g","Data provided by the Australian Egg Corporation in 2007. Calculated from edible portion of a 50 g egg"
"F000086","medium",164.0,"g","FSANZ 2011. Student research project. Average size of medium Fuji, Pink Lady, Red Delicious and Royal Gala varieties. Edible portion of 92%"
"F000091","medium",164.0,"g","FSANZ 2011. Student research project. Average size of medium Fuji, Pink Lady, Red Delicious and Royal Gala varieties. Edible portion of 92%"
"F000092","medium",151.0,"g","FSANZ 2011. Student research project. Average size of medium Granny smith and Golden Delicious varieties. Edible portion of 91%."
"F000095","medium",153.0,"g","FSANZ 2011. Student research project. Average size of medium Granny smith and Golden Delicious varieties. Edible portion of 91%."
"F000099","medium",162.0,"g","FSANZ 2011. Student research project. Average size of medium Fuji, Pink Lady, Red Delicious and Royal Gala varieties. Edible portion of 92%"
"F000105","medium",164.0,"g","FSANZ 2011. Student research project. Average size of medium Fuji, Pink Lady, Red Delicious and Royal Gala varieties. Edible portion of 92%"
"F000107","medium",164.0,"g","FSANZ 2011. Student research project. Average size of medium Fuji, Pink Lady, Red Delicious and Royal Gala varieties. Edible portion of 92%"
"F000111","medium",164.0,"g","FSANZ 2011. Student research project. Average size of medium Fuji, Pink Lady, Red Delicious and Royal Gala varieties. Edible portion of 92%"
"F000110","medium",164.0,"g","FSANZ 2011. Student research project. Average size of medium Fuji, Pink Lady, Red Delicious and Royal Gala varieties. Edible portion of 92%"
"F000134","medium",20.0,"g","Supermarket search undertaken by FSANZ in 2011."
"F000262","medium",98.0,"g","FSANZ 2011. Student research project. Assumes edible portion 65%."
"F000267","medium",78.0,"g","Assumes mid-point between small and large. Assumes 67% edible portion."
"F003423","regular",468.0,"g","Based on average size of 650 g from Custard Apples Australia Inc. and assuming 72% edible portion."
"F003496","regular",5.0,"g","From AUSNUT 2007 record 06C10144 Date, dried"
"F003818","regular",30.0,"g","From the New Zealand Food Files 2009 record L67, in 2012."
"F003832","regular",19.0,"g","From AUSNUT 2007 record 06D10304 Fig, dried"
"F003834","regular",50.0,"g","From AUSNUT 2007 record 06D10303 Fig, unpeeled, raw"
"F004262","medium",258.0,"g","Assumes the mid-point between small and large. Assumes 69% edible portion."
"F004286","medium",90.0,"g","From AUSNUT 2007 record 06D10311 Guava, raw"
"F004594","medium",805.0,"g","From NUTTAB 2010 record 06D10416 Jackfruit, raw"
"F004816","medium",78.0,"g","From AUSNUT 2007 record 06D101313 Kiwifruit, hayward, peeled, raw"
"F004815","medium",78.0,"g","From AUSNUT 2007 record 06D101313 Kiwifruit, hayward, peeled, raw"
"F005174","medium",99.0,"g","From AUSNUT 2007 record 06B10044 Lemon, peeled, raw"
"F005199","medium",49.0,"g","From AUSNUT 2007 record 06B10046 Lime, peeled, raw"
"F005244","medium",13.0,"g","From NUTTAB 2010 record 06D10407 Loquat, peeled, raw"
"F005255","medium",10.0,"g","From NUTTAB 2010 record 06D10408 Lychee, peeled, raw"
"F005293","medium",75.0,"g","Supermarket search undertaken by FSANZ in 2011. Assumes 76% edible portion."
"F005299","medium, except R2E2",294.0,"g","FSANZ 2011. Supermarket search. Assumes 68% edible portion."
"F006021","medium",151.0,"g","From AUSNUT 1999 record 06C10059 Nectarine, raw"
"F006277","medium",131.0,"g","From AUSNUT 1999 record 06B10016 orange, medium, 6-8cm diameter"
"F006276","medium",162.0,"g","Manually weighed by FSANZ in 2011. Note - AUSNUT value was 131.00"
"F006279","medium",131.0,"g","From AUSNUT2007 record 06B10056  Orange, valencia, peeled, raw"
"F006333","medium",18.0,"g","From AUSNUT 2007 record 06D10321 Passionfruit"
"F006573","medium",145.0,"g","From AUSNUT 2007 record 06C10146 Peach, fresh, unpeeled, raw"
"F006604","medium",190.0,"g","From NUTTAB 2010 record 06D10447 Pear, nashi, unpeeled, raw"
"F006628","medium",76.0,"g","From NUTTAB 2010 record 06D10410 Persimmon, peeled, raw"
"F006708","slice",40.0,"g","AUSNUT 2007 record 06D10330 pineapple, canned, drained"
"F006832","medium",66.0,"g","From AUSNUT 2007 record 06C10158 unpeeled, raw, not further specified"
"F006826","all sizes",31.0,"g","AUSNUT 2007 record 06C10155 Plum, dark, canned in syrup, drained"
"F006842","all sizes",240.0,"g","From AUSNUT 2007 record 06D10332 Pomegranate, peeled, raw"
"F007457","medium",86.0,"g","From NUTTAB 2010 record 06D10417 Prickly pear, peeled, raw"
"F007494","medium",8.0,"g","From AUSNUT 2007 record 06C10157 Prune (dried plum)"
"F007591","small/medium",463.0,"g","From NUTTAB 2010 record 06D10449 Quince, peeled, raw"
"F007610","mini/snack box",40.0,"g","From 06D10519 Sultana"
"F007612","medium",16.0,"g","From NUTTAB 2010 record 06D10409 Rambutan, peeled, raw"
"F008952","medium",12.0,"g","Victorian Strawberry Growers 2006"
"F008983","mini/snack box",40.0,"g","Based on product information available in 2011"
"F009080","all sizes",71.0,"g","From NUTTAB 2010 record 06D10412 Tamarillo, peeled, raw"
"F009087","small/medium",115.0,"g","From AUSNUT 2007 record 06B10049 Mandarin (tangelo), peeled, raw"
"F009088","small/medium",86.0,"g","From AUSNUT 2007 record 06B10048 Mandarin (tangor), peeled, raw"
"F006830","medium",1.6,"g","Manual weighing by FSANZ in 2012"
"F002755","nugget",20.0,"g","Average weight of 4 brands commonly purchased from supermarkets"
"F002752","nugget, all brands",18.0,"g","Average of KFC and hungry jacks chicken nuggets"
"F002752","strip",38.0,"g","Based on product information available for KFC chicken strips in 2013"
"F002751","tender, all brands",40.0,"g","Based on product information available on the Oporto's website for chicken tenders"
"F000228","rasher",64.0,"g","Manual weighing by FSANZ in 2012"
"F000227","rasher",42.0,"g","Manual weighing by FSANZ in 2012"
"F000231","rasher",22.0,"g","Manual weighing by FSANZ in 2012"
"F001322","can",425.0,"g","Based on products available in 2017"
"F004025","cocktail size",25.0,"g","Based on ~20 frankfurts/500 g pack of Black & Gold cocktail franks available in 2013"
"F004025","standard",57.0,"g","From AUSNUT 2007 record 08E20083 Frankfurt, cooked"
"F004299","regular slice",25.0,"g","Manually weighed by FSANZ in 2013. Included a deli sliced ham (not shaved)"
"F006675","can",425.0,"g","Based on products available in 2017"
"F007459","regular slice",17.4,"g","Collected as part of the NATSINPAS analytical program."
"F008112","standard",86.0,"g","Meat & Livestock Australia, 2015"
"F008106","standard",79.0,"g","Meat & Livestock Australia, 2015"
"F008107","standard",77.0,"g","Meat & Livestock Australia, 2015"
"F008126","sausage",147.0,"g","Based on 8 chorizo samples purchased for analysis in 2013."
"F008125","sausage",123.0,"g","Calculated from raw weight assuming -10.6% weight change factor based on data for beef sausages from MLA (2015)"
"F009450","can",425.0,"g","Based on products available in 2017"
"F009452","can",425.0,"g","Based on products available in 2017"
"F008233","medium fillet",67.0,"g","Based on the size of frozen fish fillets available in May 2013 with a weight change factor applied."
"F003950","medium fillet",67.0,"g","Based on the size of frozen fish fillets available in May 2013 with a weight change factor applied"
"F003954","medium fillet",67.0,"g","Based on the size of frozen fish fillets available in May 2013 with a weight change factor applied"
"F003907","fillet",250.0,"g","Manually weighed by FSANZ in June 2012"
"F003897","fish finger",27.0,"g","Manually weighed by FSANZ in 2013."
"F003896","fish finger",20.0,"g","Calculated from raw weight assuming -12% weight change factor"
"F007864","slice",25.0,"g","Average of slices within commercial packages of various sizes (20 g per slice for small packs Huon & Ocean blue; 25 g for Coles' large pack, 41 g for Tassel 500 g pack, 25 g average for 200 g pack)"
"F009285","can, single serve",70.0,"g","Average of various brands calculated by FSANZ in 2013"
"F007193","regular packet",50.0,"g","Average of 2 common brands available in 2011 (Smiths and Thins)"
"F007193","small packet, multipack",21.0,"g","Average of 5 common brands available in 2011 (Kettle, Red Rock Deli, Smiths, Thins, Woolworths)"
"F007201","regular packet",45.0,"g","Average of 2 common brands available in 2011 (Smiths and Thins)"
"F007201","small packet, multipack",18.5,"g","Average of 4 common brands available in 2011 (Kettle, Smiths, Thins, Woolworths)"
"F007204","packet",18.5,"g","Based on product information available for French Fries in 2013"
"F009073","regular",11.0,"g","Based on product information available for Old El Paso website in May 2012."
"F000279","regular",55.0,"g","Based on product information available on the Cadbury for Cherry ripe bars in 2018."
"F000285","regular",45.0,"g","Based on product information available on the Mars website on Bounty bars in 2018."
"F000296","regular",50.0,"g","Based on product information available on the Cadbury website for Crunchy bars in 2018."
"F000348","regular",53.0,"g","Based on product information available on the Mars website for Mars bars in 2018."
"F002929","individual bar",50.0,"g","Based on product information available on the Woolworths website in 2018"
"F002929","frog",15.0,"g","Based on product information available on the Cadbury website for Freddo frogs in 2018"
"F002934","frog/koala",20.0,"g","Based on product information available for Freddo frogs and Caramello Koalas in 2013"
"F002937","bar, regular",50.0,"g","Based on product information available on the woolworths website in 2018"
"F002939","regular bar",50.0,"g","Based on product information available on the Woolworths website in 2018"
"F002946","regular bar",50.0,"g","Based on product information available on the Woolworths website in 2018"
"F003100","packet, single serve",50.0,"g","Based on product information available on the Woolworths website in 2018"
"F004600","packet, single serve",14.0,"g","Based on product information available in 2011."
"F004607","packet, single serve",14.0,"g","Based on product information available in 2011."
"F004604","packet, single serve",14.0,"g","Based on product information available in 2011."
"F005421","packet, single serve",14.0,"g","Based on product information available in 2011"
"F008777","packet, single serve",20.0,"g","Based on the serve size information on product label available in 2011"
"F004380","packet, single serve",14.0,"g","Based on product information available in 2011"
"F008969","sachet, single serve",3.0,"g","Mean of 2 brands"
"F008973","sachet, single serve",3.0,"g","From 12A10073 sugar, white, granulated or lump"
"F004615","individual tub",125.0,"g","Based on products information available in 2013"
"F005213","piece",15.0,"g","Based on product information available in 2011. Average of 6 brands"
"F005215","log",40.0,"g","Based on label data for Capricorn Licorice Choc Logs available in 2017."
"F000144","medium",133.0,"g","AUSNUT 2007 record 13A11017 Artichoke, globe, raw"
"F000142","heart/item",27.0,"g","AUSNUT 2007 record 13A11018 Artichoke, globe, boiled"
"F000141","heart/item",40.0,"g","From NUTTAB 2010 record 13A11510 Artichoke heart, canned in brine, drained"
"F000155","spear",16.0,"g","AUSNUT 2007 record 13A11021 Asparagus, raw"
"F000151","spear",11.0,"g","AUSNUT 2007 record 13A11022 Asparagus, boiled"
"F000149","spear",13.0,"g","AUSNUT 2007 record 13A11023 Asparagus, canned"
"F000162","medium",159.0,"g","Supermarket search undertaken by FSANZ in 2011. Assumes 72% edible portion."
"F000396","bunch of leaves",40.0,"g","Manually weighed by FSANZ in 2013."
"F001015","small/medium",82.0,"g","From AUSNUT 2007 record 13A11038 Beetroot, fresh, peeled, raw"
"F001013","medium",67.0,"g","Calculated from the raw weight assuming -18% weight change factor"
"F001014","medium",76.0,"g","Calculated from the raw weight assuming -7% weight change factor"
"F001010","medium slice",19.0,"g","Manual weighing of slices of canned beetroot by FSANZ in 2013."
"F001301","bok choy",120.0,"g","Supermarket search undertaken by FSANZ in 2012. Assumes 80% edible portion."
"F001300","bok choy",84.0,"g","Calculated from raw weight assuming -30% weight change factor"
"F001302","bok choy",115.0,"g","Calculated from raw weight assuming -4% weight change factor"
"F001905","medium floret/piece",20.0,"g","Manual weighing of medium fresh broccoli flowerets by FSANZ in 2013"
"F001904","medium floret/piece",19.2,"g","Calculated from raw weight assuming -4% weight change factor"
"F001900","medium floret/piece",19.2,"g","Calculated from raw weight assuming -4% weight change factor"
"F001899","medium floret/piece",16.4,"g","Calculated from raw weight assuming -18% weight change factor"
"F001909","medium floret/stalk",29.0,"g","Manual weighing by FSANZ in 2013."
"F001908","medium floret/stalk",19.1,"g","Calculated from raw weight assuming -4% weight change factor"
"F001914","medium sprout",19.0,"g","From AUSNUT 2007 record 13A11043 Brussel sprout, raw"
"F001913","medium sprout",21.0,"g","From AUSNUT 2007 record 13A11044 Brussel sprout, boiled"
"F002239","medium",278.0,"g","FSANZ 2011. Student research project."
"F002238","medium",250.0,"g","Calculated from raw weight assuming -10% weight change factor"
"F002247","medium",244.0,"g","Calculated from raw weight assuming -10% weight change factor"
"F002246","medium",271.0,"g","FSANZ 2011. Student research project."
"F002266","medium",18.0,"g","From NUTTAB 2010 record 13A11424 Carrot, baby, raw"
"F002265","medium",16.7,"g","Calculated from raw weight assuming -7% weight change factor"
"F002263","medium",16.6,"g","Calculated from raw weight assuming -8% weight change factor"
"F002276","small",74.0,"g","Supermarket search undertaken by FSANZ in 2011"
"F002276","medium",129.0,"g","FSANZ 2011. Student research project."
"F002274","medium",106.0,"g","Calculated from raw weight assuming -18% weight change factor"
"F002275","medium",120.0,"g","Calculated from raw weight assuming -7% weight change factor"
"F002378","medium",36.0,"g","Manual weighing of medium fresh cauliflower flowerets by FSANZ in 2013"
"F002377","medium",35.0,"g","Calculated from raw weight assuming -4% weight change factor"
"F002384","medium",254.0,"g","Manually weighed by FSANZ in 2012."
"F002390","medium",40.0,"g","AUSNUT 2007 record 13A11078 Celery raw"
"F002389","medium",36.0,"g","AUSNUT 2007 record 13A11079 Celery, stir-fried without oil"
"F002896","medium",15.0,"g","Supermarket scan undertaken by FSANZ in 2011. Edible portion 95%"
"F002894","medium",12.0,"g","AUSNUT 2007 record 13A11085 Chilli (chili), red, stir-fried without oil"
"F002901","medium",15.0,"g","Supermarket scan undertaken by FSANZ in 2011. Edible portion 95%"
"F002900","medium",12.0,"g","AUSNUT 2007 record 13A11085 Chilli (chili), red, stir-fried without oil"
"F002949","medium",168.0,"g","AUSNUT 2007 record 13A11087 Choko, peeled, raw"
"F002948","medium",141.0,"g","Calculated from raw weight assuming -16% weight change factor"
"F003192","bunch of leaves",40.0,"g","Manually weighed by FSANZ in 2013."
"F003209","medium ear",163.0,"g","Supermarket search undertaken by FSANZ in 2011. Assumes 52% edible portion."
"F003200","cobette",52.0,"g","Assumes 1 cob = 3 cobettes."
"F003200","medium ear",156.0,"g","Calculated from raw weight assuming -4% weight change factor"
"F003321","medium",174.0,"g","FSANZ 2011. Student research project. Edible portion 90%"
"F003324","medium",291.0,"g","From NUTTAB 2010 record 13A11436 Cucumber, telegraph"
"F003761","medium",459.0,"g","Assumes mid point between small and large eggplant. Assumes 90% edible portion."
"F003760","medium",427.0,"g","Calculated from raw weight assuming -7% weight change factor"
"F003759","medium",330.0,"g","Calculated from raw weight assuming -28% weight change factor. Mid-point between weight change factor for baked v grilled eggplant"
"F004206","regular whole",25.0,"g","From AUSNUT 2007 record 10B10052 Gherkin, pickled, commercial"
"F005164","medium",195.0,"g","Assumes mid point between small and large leek. Assumes 65% edible portion."
"F005163","medium",162.0,"g","Calculated from raw weight assuming -17% weight change factor"
"F005162","medium",176.0,"g","Calculated from raw weight assuming -10% weight change factor"
"F005192","medium head",570.0,"g","FSANZ 2011. Student research project."
"F005700","bunch of leaves",40.0,"g","Manually weighed by FSANZ in 2013."
"F005946","medium",35.0,"g","FSANZ student research project. Australian Mushroom Growers Association."
"F005945","medium",18.6,"g","Calculated from raw weight assuming -47% weight change factor"
"F005949","medium",35.0,"g","Australian Mushroom Growers Association."
"F005948","medium",18.6,"g","Calculated from raw weight assuming -47% weight change factor"
"F006194","whole",10.6,"g","USDA release 25 record Okra cooked"
"F006198","medium whole",4.0,"g","From AUSNUT 2007 record 10B10054 Olive, green or black, drained"
"F006225","medium",142.0,"g","Supermarket search undertaken by FSANZ in 2011."
"F006243","medium",104.0,"g","Assumes the mid-point between small and large. Assumes 80% edible portion."
"F006250","medium",15.0,"g","From AUSNUT 2007 record 13A11121 Onion, spring, raw"
"F006249","medium",9.0,"g","Calculated from raw weight assuming -38% weight change factor"
"F006328","medium",72.0,"g","Based on size of the small and medium measures created for AUSNUT 1999"
"F006326","medium",67.0,"g","Based on size of the small and medium measures created for AUSNUT 1999"
"F006327","medium",67.0,"g","Based on size of the small and medium measures created for AUSNUT 1999"
"F007235","medium",117.0,"g","Based on product information from Red rooster website available in 2018"
"F007236","medium",175.0,"g","Based on product information from Nandos (2010) and Oporto (2018)."
"F007238","takeaway medium/regular",200.0,"g","Manual weighing of medium chip serves undertaken by FSANZ in 2012."
"F007242","takeaway medium/regular",200.0,"g","Manual weighing of medium chip serves undertaken by FSANZ in 2012."
"F007247","medium",175.0,"g","Supermarket search undertaken by FSANZ in 2011. Assumes 85% edible portion"
"F007244","medium",116.0,"g","Calculated from raw weight assuming -34% weight change factor"
"F007245","medium",172.0,"g","Calculated from raw weight assuming -2% weight change factor"
"F007254","medium",137.0,"g","Supermarket search undertaken by FSANZ in 2011. Assumes 85% edible portion"
"F007250","medium",91.0,"g","Calculated from raw weight assuming -34% weight change factor"
"F007252","medium",134.0,"g","Calculated from raw weight assuming -2% weight change factor"
"F007308","medium",69.0,"g","Supermarket search undertaken by FSANZ in 2011. Assumes 85% edible portion"
"F007305","medium",46.0,"g","Calculated from raw weight assuming -34% weight change factor"
"F007306","medium",68.0,"g","Calculated from raw weight assuming -2% weight change factor"
"F007325","medium",175.0,"g","Supermarket search undertaken by FSANZ in 2011. Assumes 85% edible portion"
"F007314","medium",116.0,"g","Calculated from raw weight assuming -34% weight change factor"
"F007320","medium",172.0,"g","Calculated from raw weight assuming -2% weight change factor"
"F007361","medium",240.0,"g","Supermarket search undertaken by FSANZ in 2011. Assumes 85% edible portion"
"F007358","medium",158.0,"g","Calculated from raw weight assuming -34% weight change factor"
"F007359","medium",235.0,"g","Calculated from raw weight assuming -2% weight change factor"
"F007368","medium",240.0,"g","Supermarket search undertaken by FSANZ in 2011. Assumes 85% edible portion"
"F007364","medium",158.0,"g","Calculated from raw weight assuming -34% weight change factor"
"F007366","medium",235.0,"g","Calculated from raw weight assuming -2% weight change factor"
"F007386","medium",245.0,"g","Supermarket search undertaken by FSANZ in 2011. Assumes 85% edible portion"
"F007383","medium",116.0,"g","Calculated from raw weight assuming -34% weight change factor"
"F007384","medium",277.0,"g","Calculated from raw weight assuming -2% weight change factor"
"F007269","medium",104.0,"g","Based on product information from McDonalds website available in 2018"
"F007606","medium",20.0,"g","From AUSNUT 2007 record 13A11236 Radish, white skinned, peeled, raw"
"F007608","medium",20.0,"g","From AUSNUT 2007 record 13A11236 Radish, white skinned, peeled, raw"
"F008227","medium",5.5,"g","From AUSNUT 2007 record 13A11185 Shallot, raw"
"F008226","medium",6.0,"g","From AUSNUT 2007 record 13A11303 Shallot, stir-fried"
"F008373","medium",3.3,"g","From AUSNUT 2007 record 13A11188 Snow pea, raw"
"F008372","medium",4.0,"g","From AUSNUT 2007 record 13A11190 Snow pea, stir-fried"
"F008371","medium",4.0,"g","From AUSNUT 2007 record 13A11190 Snow pea, stir-fried"
"F008811","medium",57.0,"g","Assumes the mid-point between small and large. Assumes 100% edible portion."
"F008810","medium",48.0,"g","Calculated from raw weight assuming -16% weight change factor"
"F009021","medium",276.0,"g","Assumes the mid-point between small and large. Assumes 89% edible portion."
"F009020","medium",257.0,"g","Calculated from raw weight assuming -7% weight change factor"
"F009033","medium",344.0,"g","Calculated from raw weight assuming -18% weight change factor"
"F009034","medium",390.0,"g","Calculated from raw weight assuming -7% weight change factor"
"F009190","medium",8.0,"g","AUSNUT 2007 record 13A11216 Tomato, cherry"
"F009193","medium",152.0,"g","FSANZ 2011. Student research project."
"F009211","medium",124.0,"g","Manual weighing of 5 medium, trimmed roma tomatoes by FSANZ in 2012"
"F009340","regular",122.0,"g","From AUSNUT 2007 record 13A11225 Turnip, white, peeled, raw"
"F009339","regular",116.0,"g","From AUSNUT 2007 record 13A11226 Turnip, white, peeled, boiled"
"F009775","medium",195.0,"g","Supermarket search undertaken by FSANZ in 2011. Assumes 93% edible portion."
"F009774","medium",137.0,"g","Calculated from raw weight assuming -30% weight change factor"
"F009773","medium",164.0,"g","Calculated from raw weight assuming -16% weight change factor"
"F009766","medium",195.0,"g","From green zucchini"
"F009765","medium",195.0,"g","From green zucchini"
